age,net_cash,percentage,product_type,product_name,gender,stock broker_reasoning,financial advisor_reasoning,risk manager_reasoning,stock broker_recommend,financial advisor_recommend,risk manager_recommend
50,10000,10,stock,google,male,"Investing in individual stocks like Google (Alphabet Inc., ticker: GOOGL) can be a significant decision, especially given the client's age and overall financial situation. Here’s a step-by-step analysis:    1. **Investment Amount**:      - The client’s net cash is $10,000.      - 10% of this amount for investment in GOOGL would be:       \[       10\% \times 10,000 = 1,000       \]     - Thus, the client is considering investing $1,000 in GOOGL stock.    2. **Client’s Investment Goals**:      - At age 50, the client typically may have different investment goals compared to younger investors. It is essential to determine whether the client is looking for growth, income, or a combination of both.     - Understanding the time horizon for this investment is vital. If the client expects to hold the investment for a significant time, GOOGL’s growth potential can be advantageous.    3. **Risk Tolerance**:      - GOOGL, like all individual stocks, carries risk. Assessing whether the client is comfortable with the volatility of tech stocks is crucial.      - Given that only a portion of the client’s total net cash (10%) is being allocated, this may mitigate risk to some extent.    4. **Diversification**:      - Investing $1,000 in GOOGL could mean that if the rest of the funds remain liquid, it doesn't overly concentrate investments in one asset.      - However, ideally, the client should look at overall portfolio diversification. It might be worth discussing if he/she has other investments or if perhaps a more diversified vehicle such as an index fund or mutual fund might be more appropriate.    5. **Research on GOOGL**:      - Analyze GOOGL's current market performance, recent earnings reports, and growth prospects.      - Assess competitor performance, the overall tech sector health, and factors that may affect GOOGL itself, such as regulatory issues or technological advancements.    6. **Technical and Fundamental Analysis**:      - Looking at GOOGL's price-to-earnings (P/E) ratio and comparing it with industry averages can provide insight into how the stock is valued.     - Consider the company's revenue streams, recent innovations, and trends in digital advertising—a significant revenue source for GOOGL.    7. **Investment Timing**:      - Discuss if now is a good time to buy GOOGL based on market conditions. The stock market experiences fluctuations; timing can affect the purchase price.    8. **Fees and Taxes**:      - Discuss any commission fees for buying stock and the potential tax implications of selling stocks in the future.    9. **Conclusion**:      - If, after considering the above factors, GOOGL aligns with the client’s investment strategy, risk tolerance, and financial goals, investing $1,000 could be a suitable decision.     - If there are concerns, recommend taking a step back to evaluate whether investing in individual stocks or opting for a diversified investment approach may be better suited for his/her situation.    Ultimately, a discussion around these points will provide clear guidance for the client in making an informed decision about investing in GOOGL.","Investing in individual stocks can be a significant decision and requires careful consideration. Let’s break down the decision-making process step by step for your client who is considering investing 10% of their net cash into Google (GOOGL) stock.    ### Step 1: Define Investment Goals  - **Investment Horizon**: What is your investment timeline? Is it short-term or long-term?  - **Risk Tolerance**: How comfortable is the client with the potential of losing some or all of the investment? Does he have experience with stock investments?  - **Purpose of Investment**: Is this investment intended for retirement, growth, or speculative gains?    ### Step 2: Evaluate Financial Situation  - **Net Cash**: The client has $10,000 in net cash. Investing 10% means $1,000.   - **Emergency Fund**: Does the client have an emergency fund in place? Typically, it’s advised to have 3-6 months' worth of living expenses saved.  - **Debts**: Does the client have any high-interest debts that should be addressed before investing?    ### Step 3: Analyze Google (GOOGL) Stock  - **Company Analysis**: Understand the fundamentals of Google, including its revenue growth, profit margins, market position, and competitive advantages.  - **Market Conditions**: Consider the current market situation. How does Google perform relative to its industry peers?  - **Volatility and Trends**: Review the stock’s historical performance, recent trends, and analyst projections.    ### Step 4: Diversification Considerations  - **Diversification Risks**: Investing in a single stock is inherently risky. Does the client have a diversified investment portfolio?   - **Recommended Diversification**: Consider whether recommending a diversified exchange-traded fund (ETF) or mutual fund could be a safer approach than purchasing individual stocks.    ### Step 5: Execute the Investment  - **Investment Platform**: Ensure the client has a brokerage account to buy GOOGL shares.  - **Transaction Fees**: Check for any trading commissions or fees that could affect the investment.  - **Buy Instructions**: Decide whether to buy the stock at market price or place a limit order depending on the client’s investment strategy.    ### Step 6: Monitor the Investment  - **Regular Check-Ins**: Schedule regular reviews of the portfolio's performance and adjust the investment strategy as necessary.  - **Stay Informed**: Keep abreast of news regarding Google and the tech sector as it can significantly influence the stock's performance.    ### Conclusion  - Based on the financial situation, risk tolerance, and investment goals, investing $1,000 (10% of net cash) in Google stock can be a reasonable choice if he meets a suitable risk profile and has a diversified portfolio.  - However, if this situation presents risks (e.g., insufficient emergency savings or high debt levels), it could be advisable to first improve financial security before making individual stock investments.    Ultimately, it is essential that the client understands the risks and rewards of the investment as well as their overall financial landscape before proceeding.","Before advising the client on whether to invest 10% of their net cash into Google (GOOGL) stock, we need to evaluate several factors step by step:    ### Step 1: Determine the Investment Amount  - **Net Cash:** $10,000.00  - **Investment Amount (10%):** $1,000.00    ### Step 2: Risk Tolerance Assessment  - **Age Consideration:** At 50 years old, the client may be considering retirement in 10-15 years. This typically means a more conservative approach to investments may be prudent.  - **Risk Profile:** Understanding whether the client is risk-averse, risk-neutral, or risk-seeking can help determine if investing in a single stock is appropriate.    ### Step 3: Current Financial Situation  - **Total Net Cash vs. Financial Obligations:** Consider if the client has substantial debt, emergency savings, and other financial responsibilities. A lower investment allocation may be preferable if they have high expenses or debts.  - **Diversification:** Investing $1,000 in a single stock can expose the client to higher risk. A diversified portfolio is generally healthier and reduces the risk of significant loss.    ### Step 4: Analyze Google (GOOGL) Stock  - **Company Performance:** Evaluate the historical performance of GOOGL. Consider revenue growth, profitability, market position, and last reported earnings.  - **Market Position and Future Outlook:** Analyze Google's market dominance in search, advertising, cloud services, and potential growth areas.  - **Volatility:** Examine how volatile GOOGL’s stock has been historically and what factors influence its share price fluctuations.    ### Step 5: Consider Economic Situations  - **Market Conditions:** Current economic conditions (inflation rates, interest rates, global events, etc.) can affect GOOGL stock. Is the market bullish or bearish?  - **Sector Performance:** The performance of the tech sector and shifts toward digital transformation can also impact GOOGL.    ### Step 6: Investment Horizon  - **Short vs. Long Term:** If the client is looking for short-term gains, investing in a single stock may be risky. If they have a longer investment horizon, they might have the potential to ride out volatility.    ### Step 7: Additional Factors  - **Investment Goals:** Clarify what the client hopes to achieve with this investment. Is it capital appreciation, income generation, or speculation?  - **Tax Considerations:** Understand potential tax implications associated with capital gains or losses.    ### Step 8: Making a Recommendation  Based on the above analysis, here's the recommendation process:    1. **If the client demonstrates a high risk tolerance, believes in GOOGL's potential, and is prepared to hold for the long term**, a $1,000 investment could be suitable.  2. **If the client is risk-averse, has other financial obligations, or is looking for safer avenues during uncertain economic conditions**, it may be wise to reconsider investing in a single stock or to invest in ETFs or mutual funds that provide diversification.    ### Conclusion and Action  - **Discuss with the Client:** Present these factors to the client, gauge their comfort level with risk, and help them make an informed decision.  - **Diversification Strategy:** If they decide to invest in GOOGL, consider advising them on a plan to diversify their investments over time to mitigate risks.    Ultimately, it is essential for clients to be fully informed and comfortable with their investment choices.","**yes**, the client should consider making the investment in google (googl) stock.

**reason**: investing $1,000 in googl represents a manageable allocation (10% of net cash) that allows the client to gain exposure to a prominent technology company with strong growth potential. this investment can fit within a broader strategy of portfolio diversification, especially if the client has a long-term investment horizon and an acceptable level of risk tolerance. additionally, given googl's established market position and revenue streams, it could benefit the client's financial goals, provided that market research indicates it is a suitable time for investment.","**answer: yes**

**reason:** given the client's financial situation of having $10,000 in net cash and a willingness to invest only 10% ($1,000) into google (googl) stock, this investment can be reasonable, especially if the client has a longer investment horizon and a moderate risk tolerance. assuming he has an adequate emergency fund and is not overly leveraged with debt, this small investment in a well-established and fundamentally strong company can provide potential growth opportunities while minimizing financial risk. however, it's important to ensure that this investment aligns with the client’s overall investment strategy and financial goals.","**no.**

**reason:** given the client's age, net cash position, potential risk aversion typical around retirement age, and the inherent risks associated with investing in a single stock, it would be more prudent for the client to consider a diversified investment approach. investing $1,000 in google (googl) could expose them to unnecessary market volatility and risk, especially if they have not ensured sufficient liquidity for emergencies or other financial obligations. a diversified portfolio would provide a more balanced risk exposure, potentially leading to more stable returns over time."
50,10000,15,stock,google,male,"Given the client's profile and investment intention, let's break down the decision step by step:    ### Step 1: Assess Investment Amount  - **Net Cash:** $10,000.00  - **Investment Percentage:** 15%  - **Investment Amount:** $10,000 * 0.15 = $1,500.00    ### Step 2: Research Google (GOOGL) Stock  - Look into Google's current stock performance, recent news, earnings reports, market trends, and future growth potential.  - Consider Google's position in the market, revenue growth, advertising business, and other segments such as cloud computing and AI.    ### Step 3: Analyze Financial Goals and Risk Tolerance  - **Age Consideration:** At age 50, the client is likely focused on growth but may also want to consider stability as retirement approaches.  - **Risk Tolerance:** Consider whether the client is comfortable with the inherent risks of investing in a tech stock, which can be volatile.    ### Step 4: Review Diversification Strategy  - **Current Portfolio:** Determine if the client has other investments. If this $1,500 investment in GOOGL is a significant portion of their total portfolio, it could expose them to risk.  - **Diversification:** Encourage diversification to mitigate risk. Investing solely in one company's stock can increase exposure to company-specific risks.    ### Step 5: Evaluate Timing of Investment  - Assess whether it is a good time to buy GOOGL based on market conditions. Is the stock undervalued, overvalued, or at fair value?     ### Step 6: Consider Future Financial Needs  - Determine if the client might need this cash in the near future. If so, a more liquid investment strategy might be advisable rather than tying up funds in a stock.    ### Step 7: Make a Recommendation  - If the client is comfortable with volatility, understands the risks, has a balanced portfolio, and is looking for growth, investing in GOOGL could be a suitable decision.  - If there are concerns about risk or the need for liquidity, it may be wiser to consider alternative investment options such as index funds, bonds, or a diversified investment strategy.    ### Conclusion:  - If the analysis is positive regarding GOOGL and aligns with the client's financial goals, then proceeding with the purchase of $1,500 worth of GOOGL stock could be a good choice.   - Conversely, if any red flags or concerns arise, discussing other options would be prudent. Always ensure to communicate the risks involved and the importance of having a well-rounded investment strategy.","Investing in individual stocks can be a good way to potentially grow wealth but comes with risks. Here's a step-by-step analysis to determine whether your client should invest 15% of their net cash into Google (GOOGL) stock:    ### Step 1: Calculate the Amount to Invest  First, let's calculate how much 15% of the client’s net cash is:    - Net Cash = $10,000  - 15% of $10,000 = 0.15 × 10,000 = $1,500    Your client is considering investing **$1,500** into Google stock.    ### Step 2: Understand the Client's Financial Goals  It's important for the client to have clear financial goals:  - What is the client's purpose for this investment? (e.g., long-term growth, retirement savings, income generation)  - What is the time horizon for this investment? (e.g., short-term, medium-term, long-term)  - Is the client comfortable with the volatility of the stock market, particularly tech stocks like Google?    ### Step 3: Analyze Google (GOOGL) Stock  Before proceeding, let’s review the company:  - **Company Performance and Fundamentals**: Assess Google’s financial health, growth prospects, earnings history, and current market position.  - **Valuation Metrics**: Look at price-to-earnings (P/E) ratio, price-to-sales (P/S) ratio, and other relevant metrics to understand if the stock is overvalued or undervalued.  - **Market Trends**: Consider trends in the tech industry, advertising market, and potential regulatory challenges.    ### Step 4: Assess Diversification  - **Investment Diversification**: Investing a single stock can be risky. It’s often recommended to have a diversified portfolio to mitigate risks. How does this investment fit into the client's overall portfolio?  - Would the client be left overexposed to a single asset class?    ### Step 5: Evaluate Risk Tolerance  - How much risk is the client willing to take?   - Does he have emergency savings set aside?  - Assess if $1,500, representing 15% of his cash, is a manageable investment size in terms of the potential loss.    ### Step 6: Overall Financial Situation  - **Debt and Expenses**: Review if the client has any outstanding debts or emergencies that might require this cash.  - **Retirement Planning**: Given the client’s age (50), we need to evaluate how this investment aligns with his retirement needs.    ### Step 7: Seek Additional Alternative Investments  - Explore other investment options such as ETFs, mutual funds, or diversified indices that provide exposure to the tech sector and still mitigate individual stock risk.    ### Step 8: Make a Recommendation  Based on the analysis:    - If Google has strong fundamentals, fits within a diversified investment strategy, aligns with the client's financial goals and risk tolerance, then the investment can be justified.  - However, if this investment compromises emergency savings, increases risk beyond the client’s comfort level, or he lacks diversification, it may be wise to reconsider or to allocate a lesser amount (or invest in a diversified instrument).    ### Step 9: Monitor and Review  - After making the investment, it's important to monitor its performance regularly and reassess the investment in light of any changes in the client’s financial situation or market conditions.    ### Conclusion  After thorough evaluation, if the investment in Google stock aligns with the client's financial goals, supports their risk appetite, and complements their overall financial strategy, then it could be a favorable decision. Otherwise, it might be more prudent to consider alternative investment vehicles or amounts.","Investing in stocks, including Google (GOOGL), involves several considerations, especially given the client profile provided. Let’s go through the evaluation step by step:    ### 1. **Investment Amount Calculation**     - The client wishes to invest 15% of their net cash.     - Investment Amount = 15% of $10,000 = $1,500.    ### 2. **Risk Tolerance Assessment**     - **Age**: At 50, the client is likely approaching retirement. Generally, individuals in this age bracket may have a lower risk tolerance compared to younger investors, as they may need their capital to be preserved for retirement.     - **Net Cash Position**: With a total net cash of $10,000, it’s important to consider whether tying up $1,500 in a single stock aligns with the client's overall financial strategy.    ### 3. **Diversification**     - Investing a large portion (15%) into a single stock can expose the client to idiosyncratic risk (the risk associated with a specific company). It’s prudent to consider whether the client has other investments that provide diversification.     - Ideally, investments should be spread across various asset classes (stocks, bonds, etc.) and sectors to minimize overall risk.    ### 4. **Research on Google (GOOGL)**     - **Financial Health**: Evaluate Google’s recent financial performance, revenues, profits, and market position. Review its growth prospects, industry dynamics, and any potential risks (regulatory risks, market competition, etc.).     - **Market Conditions**: Analyze the current economic environment and stock market conditions. Are stocks, particularly tech stocks, experiencing high volatility? What are analysts saying about GOOGL's future performance?    ### 5. **Investment Horizon**     - Determine the client’s investment timeline. Is this a short-term investment or does the client plan to hold for several years? Generally, the longer the timeline, the more volatility can be tolerated.    ### 6. **Alternative Investment Options**     - Evaluate other investment opportunities that could be more suitable based on the client's risk tolerance and financial goals. Consider ETFs or mutual funds that offer exposure to tech companies and allow for diversification.    ### 7. **Emergency Fund Consideration**     - Ensure the client has sufficient liquidity and emergency savings set aside. Typically, financial advisors recommend having 3-6 months' worth of expenses readily available before investing in stocks.    ### Conclusion  After considering the above factors, here's how to frame the decision:  - **If the client has a generally low risk tolerance, lacks diversification, or has insufficient emergency funds**: It may not be advisable for him to invest in GOOGL right now. Instead, he might consider putting aside that amount until he can build a more balanced portfolio or increase his cash reserves.      - **If the client has a good understanding of the market, adequate financial resources beyond this investment, and has reasonably assessed GOOGL as a strong performer**: Investing $1,500 in GOOGL could be a reasonable choice, provided he feels comfortable with the risk.    Ultimately, the decision should align with the client's overall financial strategy, risk tolerance, and investment goals. An in-depth discussion with the client regarding these points would be important before proceeding.","**yes.**

**reason:** given that the client has assessed their investment amount ($1,500) as a manageable portion of their net cash, and if they have a good understanding of the potential risks and rewards associated with investing in google (googl), it could be a suitable investment. google has strong fundamentals, growth prospects in various sectors, and represents a large, stable player in the technology market. assuming the client is comfortable with some volatility and has a reasonable plan for overall diversification, investing in googl aligns with their intention for growth and investment in a reputable company.","**yes**, he should consider the investment.

**reason**: google (googl) stock has strong fundamentals and growth potential within the tech sector. if the client has a clear long-term investment strategy, is comfortable with the inherent risks of investing in individual stocks, and can afford to allocate $1,500 without compromising emergency savings or essential expenses, then this investment could be a beneficial addition to his portfolio. additionally, if he ensures that this investment fits into his overall investment strategy and maintains diversity, it could contribute positively to his long-term financial goals. however, it's critical to monitor the investment regularly and adjust as necessary based on market conditions and personal financial changes.","**no.**

the reason for this recommendation is that investing 15% of the client’s net cash ($1,500) into google (googl) stock may expose him to excessive risk given his age and financial situation. with a relatively low net cash position, it is crucial for him to prioritize liquidity and ensure he has adequate emergency savings. additionally, investing such a significant portion of available funds into a single stock could jeopardize his financial stability, especially as he approaches retirement. a more diversified investment approach or building up cash reserves would be advisable."
50,10000,20,stock,google,male,"When considering whether to invest 20% of a client's net cash in Google (GOOGL) stock, we should analyze several factors step by step:    ### Step 1: Determine the Investment Amount  - **Net Cash**: $10,000  - **Investment Percentage**: 20%  - **Investment Amount**: $10,000 * 20% = $2,000    ### Step 2: Assess Risk Tolerance  - At 50 years old, the client may have specific financial goals, such as retirement in the next 10-15 years.   - Understanding the client’s risk tolerance is crucial:      - Is the client comfortable with market fluctuations?     - Would they prefer stable investments or are they willing to take risks for potential growth?    ### Step 3: Analyze Google (GOOGL) Stock  - **Company Fundamentals**: Review Google’s financial health, including earnings growth, revenue, profit margins, and market position.  - **Market Trends**: Investigate the current performance of the tech sector and Google’s position within it.   - **Price Movement & Valuation**: Look at the current stock price, historical performance, and valuation ratios such as P/E ratio compared to its industry peers and market.    ### Step 4: Diversification  - Consider the client’s overall investment portfolio:    - How much exposure does the client already have to the technology sector or individual stocks?    - A recommendation for a diversified portfolio might include a mix of stocks, bonds, and other assets to spread risk.    ### Step 5: Financial Goals and Timeline  - Establish the client’s financial goals:    - Is the investment for growth, income, or a mix of both?    - What is the investment horizon? If they need the funds in the short term, investing in stocks may not be advisable due to potentially high volatility.    ### Step 6: Economic Conditions  - Assess the current economic climate and its impact on stock performance.  - Consider any macroeconomic factors (interest rates, inflation) affecting market sentiment.    ### Step 7: Alternatives  - Explore alternative investments:    - Could mutual funds or ETFs provide better diversification?    - Are there dividend-paying stocks or bonds that might align better with the client’s risk profile?    ### Conclusion  Based on the above steps, the decision to invest $2,000 in Google stock (GOOGL) depends on the client’s risk tolerance, financial goals, existing portfolio, and market conditions.     - If the client is comfortable with the risks associated with individual stocks, understands that GOOGL can fluctuate, and has a sufficient time horizon (10+ years) for investment, then investing in GOOGL may be advisable.  - If the client is risk-averse or relies on this capital for upcoming financial needs, it may be wise to consider alternative investments that provide more stability or diversification.    After thorough discussion and assessment, make a recommendation that aligns with the client's best interests.","Let’s analyze this investment decision step by step, considering various factors that could affect the client's choice to invest in Google (GOOGL) stock.    ### Step 1: Understanding the Investment Amount  The client has a net cash of $10,000. He wants to invest 20% of this amount into Google stock.    - **Investment Amount**: 20% of $10,000 = $2,000.    ### Step 2: Evaluating the Suitability of GOOGL  - **Research GOOGL**:     - Look at Google's financial health, revenue growth, profit margins, and market position.    - Review recent performance and future growth projections. As of October 2023, consider Google's expansion in areas like cloud computing, advertising, artificial intelligence, etc.      - **Volatility & Risk**:     - GOOGL can be subject to market volatility. As a tech stock, it may be more volatile than other sectors.    - Assess the client's risk tolerance; at age 50, he may be seeking more stability as he approaches retirement.    ### Step 3: Portfolio Diversification  - **Current Cash Position**: Investing 20% in a single stock may not provide adequate diversification.  - **Recommendations for Diversification**:     - Suggest considering an ETF or index fund that includes GOOGL along with other tech companies, spreading risk across multiple assets.    - Evaluate the possibility of investing in different asset classes such as bonds or REITs to create a more balanced portfolio.    ### Step 4: Investment Horizon  - **Investment Goals**: Understand the client's financial goals and timeline. Is this a short-term investment or is he planning for long-term growth?   - **Retirement Goals**: If he is saving for retirement, a more diversified and balanced approach may be prudent.    ### Step 5: Market Conditions  - **Current Market Environment**:     - Assess the broader market conditions. Are there economic indicators suggesting a potential downturn that might affect tech stocks?    - Consider the impact of interest rates, inflation, and potential regulatory issues facing large tech firms.    ### Step 6: Tax Implications  - **Capital Gains Tax**:     - If the client decides to sell stocks in the future, he should consider capital gains taxes.    - Analyze how his current income and expected income may influence his tax situation.    ### Step 7: Next Steps  - **Recommendation**: Based on the client's risk tolerance, investment goals, and market conditions, he may make a decision to invest $2,000 in GOOGL. However, encourage diversification to manage risk effectively.      - **Action Plan**:    1. Research GOOGL thoroughly before investing.    2. Consider setting aside some funds in a more stable investment option as a buffer.    3. Regularly review and re-assess the portfolio allocation and performance.    ### Final Conclusion  If the client is comfortable with the risks associated with investing in GOOGL, has an appropriate investment horizon (ideally long-term), and understands the importance of diversification, then investing 20% in GOOGL could be a reasonable step. However, diversifying into other investments may better address risk and support overall financial goals.","To assess whether the client should invest 20% of his net cash into Google (GOOGL) stock, we can evaluate the situation step by step:    ### Step 1: Understand the Investment Amount  - **Total Net Cash**: $10,000  - **Investment Amount**: 20% of $10,000 = $2,000    ### Step 2: Analyze Risk Tolerance and Investment Goals  - **Age Consideration**: At 50 years old, the client may have a moderate risk tolerance as he could be approaching retirement. It is crucial to consider how comfortable he is with the risk that comes with equity investments.  - **Investment Objective**: Determine whether the client is looking for short-term gains, long-term growth, or income through dividends. Since GOOGL is a growth stock, it's more suitable for investors with a longer time horizon.    ### Step 3: Review Financial Situation  - **Net Cash Analysis**: The client has $10,000, and investing $2,000 represents 20%. We need to know if this investment will significantly impact his financial liquidity.  - **Emergency Fund**: Ideally, clients should maintain an emergency fund of 3-6 months’ worth of expenses. If the client has a sufficient emergency fund and is otherwise financially stable, investing a portion into stocks may be more acceptable.    ### Step 4: Evaluate Google (GOOGL) Stock  - **Company Performance**: Research GOOGL’s performance, market position, earnings reports, and future growth prospects as of October 2023. The company is known for consistent growth but is subject to market volatility.  - **Valuation**: Consider its current valuation metrics (P/E ratio, revenue growth, etc.) to determine if it’s a good time to buy.     ### Step 5: Consider Market Conditions  - **Market Risk**: Assess the current market trends and economic indicators. If the market is highly volatile, it could be riskier to invest in stocks at this time.  - **Sector Performance**: Tech stocks have their risks and rewards. Understand the broader economic environment affecting the tech sector.    ### Step 6: Diversification  - **Investment Strategy**: Is this investment going to lead to over-concentration in the portfolio? Advise the client not to put too much into a single stock; diversification helps mitigate risk.     ### Step 7: Alternatives  - **Other Investment Options**: Would it be better to invest in index funds, ETFs, or mutual funds that provide exposure to tech stocks without putting all funds into one company?  - **Debt Considerations**: If the client has any high-interest debt, it may be more beneficial to pay that off instead of investing.    ### Step 8: Conclusion and Recommendation  Based on the above analysis, consider the following:  - If the client has a solid financial foundation and a long-term investment perspective, investing $2,000 in GOOGL could be reasonable, especially if he believes in the company’s growth potential.  - However, if the client has significant short-term financial needs or concerns about market instability, it may be prudent to hold off or look at more conservative investment alternatives.    Ultimately, it may be wise to conduct a thorough discussion with the client about their comfort with risk, investment timeline, and financial goals before proceeding with investing in GOOGL stock.","**yes, he/she should consider the investment in google (googl) stock.**

**reason:** the client is willing to invest 20% of their net cash ($2,000) into googl, which, given their age of 50, suggests a moderate risk tolerance appropriate for their time horizon. if the client is comfortable with market fluctuations and understands that stock investments can be volatile but may offer growth potential over the long term, this could align well with their objective of building wealth for retirement. additionally, googl is a well-established company in a strong position within the tech sector, providing some confidence in its long-term prospects. however, it’s essential to ensure that this investment does not overly concentrate their portfolio and that they are also considering diversification strategies.","**yes**, the client should consider the investment in google (googl) stock.

**reason**: investing 20% of his net cash ($2,000) in googl is reasonable given the company’s strong market position, growth potential, and profitability. however, it is crucial that this investment is part of a diversified strategy. if the client is comfortable with the associated risks and understands the importance of balancing his portfolio with other asset classes, this investment can contribute to potential long-term growth.","**yes**, he should consider the investment in google (googl) stock.

**reason**: given that the client is financially stable with a sufficient net cash reserve and the intended investment of $2,000 (20% of his net cash) is within a manageable amount, investing in googl can be a suitable choice if the client has a long-term investment horizon and a moderate risk tolerance. the technology sector, particularly companies like google, has shown potential for growth, and if the client believes in the company's future prospects, this investment could contribute positively to his portfolio. however, it is essential to ensure that he has a diversified investment strategy and has considered the overall market conditions before proceeding."
50,10000,25,stock,google,male,"Investing in a stock requires careful consideration of multiple factors. Here’s a step-by-step analysis of whether your client should invest 25% of their net cash into Google (Alphabet Inc., ticker: GOOGL).    ### Step 1: Determine Investment Amount  - **Net Cash Available:** $10,000  - **25% to Invest in GOOGL:** $10,000 * 0.25 = $2,500    ### Step 2: Assess Client’s Investment Goals and Risk Tolerance  - **Investment Goals:** Understand what your client hopes to achieve (e.g., long-term growth, dividend income, capital appreciation).  - **Risk Tolerance:** Since the client is 50 years old, they might have a longer investment horizon, but their risk tolerance must be assessed (e.g., aggressive, moderate, conservative).    ### Step 3: Analyze Google’s Stock Performance  - **Company Fundamentals:** Research Alphabet Inc.'s financial health:    - Revenue growth    - Profit margins    - Future growth potential (consider competition, innovations, and market position)    - Recent earnings reports  - **Market Trends:** Evaluate the tech sector's performance and economic indicators affecting GOOGL.     ### Step 4: Diversification Considerations  - **Current Portfolio:** Check if the client has other investments. Investing a significant portion in one stock may increase risk.  - **Diversification Strategy:** For a balanced investment approach, consider encouraging the client to spread investments across various sectors or stocks to mitigate risk.    ### Step 5: Evaluate Market Conditions  - **Current Market Trends:** Assess overall market conditions. Is the tech sector experiencing growth, or are there concerns about a downturn?  - **Analyst Ratings:** Look into recent analyst ratings or expert opinions regarding GOOGL’s stock.    ### Step 6: Consider Investment Horizon  - **Short-Term vs. Long-Term:** GOOGL is known for long-term growth potential, but the client should be prepared for short-term volatility. Ensure the client is comfortable with holding GOOGL for several years if necessary.    ### Step 7: Discuss Transaction Costs and Taxes  - **Transaction Fees:** Ensure the client understands any fees associated with buying stocks.  - **Tax Implications:** Discuss potential capital gains taxes if they eventually sell the stock for a profit.    ### Step 8: Provide Final Advice  - After reviewing all these aspects, summarize your recommendations:    - If GOOGL aligns with the client's risk tolerance, goals, and market conditions, going ahead with the investment could be justified.    - If concerns arise about investing a significant amount in a single stock or overexposure to tech, suggest that the client consider either investing a smaller amount in GOOGL or diversifying further.    ### Conclusion  Once these steps have been carefully considered and discussed with the client, they should have a clearer understanding of whether investing 25% of their cash in GOOGL stock is a suitable decision for their financial situation. If they decide to proceed, ensure they have a strategy for monitoring the investment and adjusting their portfolio as needed.","Investing in stocks can be a key part of building a diversified investment portfolio, but it’s essential to consider various factors before making such a decision. Here’s a step-by-step analysis to determine if investing 25% of the client’s net cash into Google (Alphabet Inc., GOOGL) stock is advisable:    ### Step 1: Assess Financial Goals  - **Investment Objective:** What are the client’s long-term financial goals? Is he looking for growth, income, or a combination?  - **Time Horizon:** Given the age of 50, is he planning to retire soon, or does he have 10+ years before he needs to access these funds?    ### Step 2: Evaluate Risk Tolerance  - **Investment Comfort Level:** How comfortable is the client with the volatility typically associated with stock investments?  - **Past Experience:** Has he invested in stocks before, and if so, what has been his experience?    ### Step 3: Analyze Current Financial Situation  - **Emergency Fund:** Does the client have an adequate emergency fund? Financial advisors typically recommend having 3-6 months’ worth of living expenses in an easily accessible account.  - **Debt:** Are there any outstanding debts that may need to be addressed first before investing?      ### Step 4: Review Diversification Strategy  - **Asset Allocation:** Diversification is essential in investing. By investing 25% of his cash into GOOGL, the client would have $2,500 in this individual stock.   - **Other Investments:** Does the client already have other investments? If he already has a concentrated position in tech or individual stocks, this investment could increase the risk.    ### Step 5: Research Google (GOOGL) Stock  - **Company Fundamentals:** Review Google’s financial health, including revenue growth, earnings potential, and competitive positioning within its industry.  - **Market Conditions:** Consider the current market environment. Look into broader economic factors that may affect tech companies, interest rates, and market valuation.      ### Step 6: Consider Timing  - **Current Price Evaluation:** Is GOOGL currently undervalued or overvalued? Check recent stock performance and analyst ratings.      ### Step 7: Discuss Investment Vehicle  - **Brokerage Fees:** Consider brokerage fees associated with buying stocks. These can erode returns, especially in smaller investments.  - **Long-Term vs. Short-Term Investment:** Is the client willing to hold this investment for the long term, or does he anticipate needing liquidity in the near future?    ### Step 8: Make a Decision  - **Investment Amount:** Calculate the investment amount: 25% of $10,000 = $2,500.  - **Other Considerations:** Remind the client to stay within his comfort zone and not overcommit to a single stock.    ### Conclusion  Based on the above analysis, if the client:  - Feels comfortable investing in stocks,  - Has sufficient savings and no urgent financial needs,  - Is aware of the risk associated with individual stock investments,  - Can tolerate the volatility associated with tech stocks,  Then investing in GOOGL could be a good opportunity.     However, it’s crucial to maintain a diversified portfolio and ensure that this investment aligns with his overall financial goals and risk tolerance. Consider alternatives or additional investments to spread risk and protect against potential downturns. Ultimately, a thorough discussion about his financial situation and goals should guide the final decision.","Investing in stocks, such as Google (now Alphabet Inc., stock ticker GOOGL), involves several considerations. Let's evaluate this proposal step by step based on the client profile provided:    ### 1. **Understanding the Client’s Financial Situation:**     - **Net Cash:** The client has $10,000. Therefore, 25% of that would be:       - Investment Amount = 25% of $10,000 = $2,500.     - This leaves the client with $7,500 in net cash after the investment.    ### 2. **Risk Tolerance Assessment:**     - At the age of 50, the client may be approaching retirement. This could affect his risk tolerance.     - Consider whether the client is comfortable with potential market volatility and the possibility of losing part of the investment.     - An important factor is whether the client has other savings, retirement funds, and financial obligations.    ### 3. **Investment Horizon:**     - Ideally, investments in stocks are best suited for a long-term horizon.     - Determine how long the client plans to keep this investment. If it’s for at least five to ten years, the risks can be mitigated over time.    ### 4. **Investment Knowledge:**     - Assess the client’s understanding of stock market investments. Does he understand how to evaluate stocks, diversify his portfolio, and engage with market trends?    ### 5. **Diversification:**     - Investing a significant portion, in this case, $2,500 into a single stock (GOOGL) presents concentration risk.     - Consider encouraging the client to explore diversification strategies—investing in a mix of stocks, ETFs, or bonds to spread risk.    ### 6. **Market Analysis:**     - Analyze the current performance and future outlook of Alphabet Inc. (GOOGL). As of October 2023, consider factors such as:       - Company financial performance (revenue, profit margins)       - Industry trends (digital advertising, cloud computing)       - Overall economic conditions (interest rates, inflation)     - Consult recent news about Google that could impact its stock price.    ### 7. **Alternative Investments:**     - Look for alternative investment options or funds that may involve less risk but still offer exposure to the tech sector or markets.     - Explore index funds or mutual funds that track the performance of multiple companies, including tech stocks.    ### 8. **Consulting a Financial Advisor:**     - Given the considerations listed, it may be beneficial for the client to consult with a financial advisor.     - A professional can provide personalized guidance based on his overall financial goals/assets and risk profile.    ### Conclusion:  **Recommendation:**   While investing in GOOGL could potentially be a good opportunity due to its market position, it is essential for the client to consider the factors mentioned above. Depending on the client’s risk tolerance, investment time frame, and need for diversification, a more diversified portfolio might be a safer and more prudent strategy. Engaging with a financial advisor could enhance the decision-making process regarding this investment.","**yes.**

the investment can be justified for the following reasons:

1. **growth potential:** google (googl) has shown strong revenue growth and has a solid position in the tech industry, which indicates the possibility for long-term capital appreciation.

2. **investment horizon:** given the client is 50 years old, they likely have a longer investment horizon, meaning they can withstand market volatility and benefit from growth over time.

3. **diversification opportunity:** if the client’s overall portfolio already includes a mix of investments, allocating 25% to googl can enhance diversification within a growth-focused tech investment.

4. **current market conditions:** if market analysis shows that googl is well-positioned in the current economic landscape, it adds further support to this decision.

however, it's important to ensure that the client is aware of the associated risks and remains comfortable with their decision, acknowledging that investing in individual stocks carries inherent volatility.","**yes, the client should consider the investment in googl stock.**

**reason:** if the client has evaluated his financial goals, has a proper emergency fund, is comfortable with the risks associated with investing in individual stocks, and has a long enough investment horizon, investing 25% of his net cash into google can be a strategic decision for long-term growth. google is a fundamentally strong company with growth potential. however, it is vital to ensure that he maintains a diversified portfolio to mitigate risk. this investment should align with his overall financial strategy and risk tolerance.","**no.**

the client should not proceed with the investment in googl stock at this time. while googl is a reputable company with growth potential, investing $2,500 in a single stock poses a concentration risk, especially given the client's age and financial situation. it is advisable for the client to focus on building a more diversified portfolio that spreads risk across various assets, which can provide more stability as he approaches retirement. additionally, a consultation with a financial advisor would provide tailored advice to align investments with his overall financial goals and risk tolerance."
50,10000,30,stock,google,male,"Investing in individual stocks, such as Google (Alphabet Inc., ticker: GOOGL), can be a rewarding but risky endeavor. Given your client's profile, let's break down the decision step-by-step:    ### 1. **Investment Amount**  - The client has a net cash of $10,000.00.  - Deciding to invest 30% of this amount means they would be allocating **$3,000** to GOOGL stock.    ### 2. **Client's Investment Goals**  - Consider what the client’s investment goals are. Is the client looking for long-term capital appreciation, short-term gains, or diversification in their portfolio?  - At age 50, the client may be approaching retirement and might prefer a more conservative approach to investing.    ### 3. **Understanding GOOGL Stock**  - Research GOOGL’s current performance, recent earnings, forecasts, and market sentiment.  - Analyze the company's business model, revenue growth, and competition in the tech sector.  - Review any recent news or developments that might impact the stock. Are there regulatory challenges? How is the company performing against its peers?    ### 4. **Diversification Considerations**  - With only $10,000 in cash, investing $3,000 into a single stock means the portfolio is heavily concentrated in one industry.  - Diversification is key to managing risk. If 30% is allocated to GOOGL, the remaining cash should be assessed. Should it be spread across other stocks or investment options (such as ETFs, bonds, or mutual funds) to reduce overall risk?    ### 5. **Risk Tolerance**  - Evaluate the client’s risk tolerance. Stocks, particularly in the tech sector, can be volatile.  - Ask how the client feels about the possibility of losing part of their investment in the short term.    ### 6. **Market Conditions**  - Consider the broader market conditions and economic outlook. If the market is experiencing uncertainty or volatility, the client may want to reconsider this investment.    ### 7. **Alternative Investment Options**  - Look at alternative investment vehicles that might provide a safer or more diversified approach.  - Investing in index funds or ETFs that track the technology sector could provide exposure to GOOGL and other tech companies without concentrating risk in one stock.    ### 8. **Investment Horizon**  - Determine the investment horizon. If the client plans to hold the stock for a long time (5+ years), this may mitigate some short-term volatility risks.  - Are there any upcoming major expenses or goals that might require liquidity in the near future?    ### 9. **Conclusion and Recommendation**  - If the client is comfortable with the potential risks and the research indicates a profitable outlook for GOOGL, investing $3,000 could be a suitable decision.  - However, recommend discussing the remaining $7,000 in cash to explore more diversified investment strategies or a mix of investments to better align with their age, risk tolerance, and financial goals.    ### 10. **Continuous Monitoring**  - If the decision to invest in GOOGL is made, recommend setting up regular check-ins to monitor the performance as well as adjust the portfolio based on any changes in financial goals or market conditions.     In summary, investing 30% into GOOGL can be appropriate, but only with careful consideration of the client’s overall portfolio, risk tolerance, investment goals, and market conditions.","When considering whether to invest 30% of $10,000 in Google (GOOGL) stock, here are the step-by-step factors to consider:    ### Step 1: Define the Investment Amount  1. **Amount to Invest in GOOGL**: 30% of $10,000 = $3,000.    ### Step 2: Analyze the Client's Financial Situation  1. **Emergency Fund**: Ensure that the client has sufficient liquidity for emergencies. Financial advisors typically recommend having 3-6 months’ worth of expenses in cash or liquid assets. If the client does not have this, it may not be wise to invest such a significant portion of net cash.  2. **Debt Considerations**: Evaluate if the client has any high-interest debt that should be paid off first.  3. **Investment Goals and Time Horizon**: Understand the client's financial goals (e.g., retirement, purchasing a home) and the time frame for these goals. Investing in stocks is generally more suitable for longer-term horizons (5 years or more).    ### Step 3: Research Google (Alphabet Inc.) Stock  1. **Current Stock Performance**: Investigate the current performance and trends of GOOGL. Look at historical data, recent earnings reports, and market conditions.  2. **Valuation**: Assess whether GOOGL is fairly valued, undervalued, or overvalued compared to its earnings, industry trends, and forecasts.  3. **Future Growth Potential**: Consider the company’s growth prospects, innovations, and market position.  4. **Market Risks**: Evaluate the broader market risks affecting technology stocks or the economy as a whole.    ### Step 4: Risk Assessment  1. **Portfolio Diversification**: Understand how this investment fits into the client's overall portfolio. Concentrating investment in a single stock can increase risk.   2. **Risk Tolerance**: Assess the client’s appetite for risk, especially since the client is approaching retirement age where capital preservation might be more critical.    ### Step 5: Alternatives and Recommendations  1. **Alternative Investments**: Discuss alternative investment options that may align more closely with the client's risk profile (e.g., ETFs, mutual funds, or bonds).  2. **Diversification Strategy**: If the client is set on investing in GOOGL, consider a strategy that involves dollar-cost averaging or investing a smaller initial amount to mitigate risks.    ### Step 6: Execution Considerations  1. **Market Timing**: If the client decides to invest, consider the timing — is it better to invest now or wait for a more favorable market environment?  2. **Transaction Fees**: Ensure the client is aware of any fees associated with buying the stock, and how that might impact the amount invested.    ### Conclusion  Based on this analysis:  - If the client has an adequate emergency fund, no high-interest debt, a long-term investment horizon, and a risk tolerance that aligns with equity investment, then investing $3,000 in GOOGL stock could be a reasonable decision.  - If any of these factors (emergency fund, debt, risk tolerance) raise concerns, it might be wise to reassess the proposed investment or look into a more diversified approach.    Finally, ensure the client is comfortable with the level of risk associated with investing in individual stocks and remind them to keep an eye on their overall financial health.","When considering whether the client should invest 30% of their net cash into Google (GOOGL) stock, here's a step-by-step analysis:    ### Step 1: Understand the Client's Financial Situation  - **Net Cash Available**: $10,000.00  - **Investment Amount (30%)**: $10,000.00 * 30% = $3,000.00  - **Remaining Cash**: $10,000.00 - $3,000.00 = $7,000.00    ### Step 2: Evaluate Risk Tolerance  - **Age Consideration**: At 50 years old, the client is approaching retirement age. This often implies that investment strategies should become more conservative to ensure capital preservation.  - **Risk Assessment**: Determine the client's risk tolerance. If they are risk-averse, they may prefer safer investments. If comfortable with risk, they might accept stock market volatility.    ### Step 3: Analyze Google (GOOGL) Stock  - **Company Performance**: Research Google’s recent financial performance, market position, and future growth potential. Look at factors like revenue growth, profit margins, and industry competition.  - **Market Conditions**: Assess the current market outlook for technology stocks. Are there any economic indicators suggesting potential volatility?    ### Step 4: Diversification and Portfolio Risk  - **Investment Diversification**: Investing 30% of cash into a single stock increases concentration risk. Consider how this investment fits into the overall portfolio.   - **Diversification Strategies**: Discuss options for diversifying the investment across different asset classes (stocks, bonds, ETFs, etc.) to reduce overall portfolio risk.    ### Step 5: Consider Short-term vs Long-term Goals  - **Investment Horizon**: Understanding the client’s investment horizon is vital. A longer-term horizon may justify investing in a single stock, while a shorter-term outlook may require a more cautious approach.  - **Liquidity Needs**: Determine if the client may need access to the invested funds in the near term, which could affect the decision.    ### Step 6: Potential Returns and Risks  - **Expected Returns**: Assess the expected returns from investing in GOOGL based on historical performance and analysts' insights.  - **Risks of Investing in Stocks**: Consider potential downsides, such as market volatility, changes in company performance, and broader economic conditions affecting stock prices.    ### Step 7: Alternatives to Direct Stock Investment  - **ETFs or Index Funds**: If concerned about concentration risk, consider recommending technology sector ETFs or funds that include GOOGL, which provide exposure while diversifying.  - **Bonds or Fixed Income**: If preserving capital is a priority, investing in more stable instruments could be more appropriate.    ### Step 8: Make a Recommendation  Based on the analysis:  - If the client has a higher risk tolerance, a long-term investment horizon, and understands the potential volatility, investing $3,000 in GOOGL may be a reasonable decision.  - If they are more risk-averse, have a shorter time frame, or lack diversification, it may be wise to reconsider the investment in GOOGL stock or find a more balanced approach.    ### Conclusion  The decision hinges on the client’s risk tolerance, investment horizon, and overall financial goals. It would be prudent to have a detailed discussion with the client to align the investment decision with their financial situation and objectives.","**answer: no.**

**reason:** while investing $3,000 in google (googl) could have potential for growth, it poses significant concentration risk by allocating a substantial portion of the portfolio (30% of total cash) to a single stock, especially in the tech sector which can be volatile. given the client's age of 50, they may benefit more from a diversified investment strategy that spreads risk across multiple assets, rather than concentrating on one individual stock, particularly as they approach retirement. a more balanced and diversified approach would better align with the client’s financial stability and risk tolerance.","**no.**

the investment is not advisable at this time because, based on the risk assessment and need for financial stability, the client should prioritize having an adequate emergency fund and ensuring no outstanding high-interest debt before investing a significant portion of cash ($3,000 in googl stock). additionally, concentrating investment in a single stock can increase risk, especially considering the client is approaching retirement age, where capital preservation is crucial. diversification and financial security should take precedence in their investment strategy.","**no,** the client should not invest in google (googl) stock at this time.

**reason:** given the client’s age of 50 and the fact that they plan to invest a significant portion (30%, which amounts to $3,000) of their net cash into a single stock, this poses a high concentration risk. as they are approaching retirement, it is advisable to prioritize capital preservation and maintain a diversified investment portfolio. additionally, without knowing the client's risk tolerance, investment horizon, and potential liquidity needs, it's difficult to justify such a concentrated investment in a volatile asset. instead, a more balanced and diversified investment strategy would be more appropriate to mitigate risk and protect their financial well-being."
50,10000,40,stock,google,male,"To determine whether the client should invest 40% of their net cash ($10,000) into Google (GOOGL) stock, we'll break the decision down into several logical steps.    ### Step 1: Assess Investment Amount  - **Total Net Cash**: $10,000  - **Investment amount**: 40% of $10,000 = $4,000    ### Step 2: Evaluate Client’s Situation  1. **Age Consideration**: At age 50, the client may be closer to retirement and should consider risk tolerance and time horizon for investment.  2. **Risk Tolerance**: Does the client have a high, medium, or low risk tolerance? Technology stocks can be volatile, and Google (Alphabet Inc.) is no exception. Understanding this will be crucial.  3. **Financial Goals**: What are the client's long-term financial goals? Is this investment for growth, income, or saving for retirement?    ### Step 3: Analyze Google (GOOGL) Stock  1. **Historical Performance**: Review the historical performance of Google. Have they been consistent in revenue and earnings growth? What about price to earnings (P/E) ratio?  2. **Market Position**: Google is a leading tech and advertising company. Consider the impact of market conditions, competition, and regulatory environment on its future performance.  3. **Analyst Ratings**: What are current analyst ratings and price targets? Are there any recent changes that might impact the stock’s performance?    ### Step 4: Diversification  1. **Concentration Risk**: Investing 40% of the client’s cash into one stock increases concentration risk. It’s usually advisable to diversify investments across several stocks or asset classes to manage risk.  2. **Consider Asset Allocation**: What other assets does the client have? A well-balanced portfolio typically includes a range of asset classes (e.g., stocks, bonds, commodities).    ### Step 5: Timing and Market Conditions  - **Current Market Conditions**: Assess current market conditions and sentiment towards technology stocks. Are they trending positively or negatively?  - **Long-Term vs. Short-Term Investment**: Is the client looking for a quick gain, or is this investment intended to be held long-term?    ### Step 6: Alternative Investment Options  - **Consider Index Funds or ETFs**: Instead of investing solely in GOOGL, the client might consider a tech-focused index fund or ETF that includes multiple technology stocks, offering diversification.    ### Step 7: Discuss with Client  - Review findings with the client, presenting the risks and potential rewards of investing in GOOGL specifically.  - Discuss the importance of diversification and overall financial goals.      ### Conclusion  If the client has the risk tolerance, understands the volatility associated with investing in a single stock, and has a sufficiently diversified portfolio, investing $4,000 in GOOGL could be a reasonable decision. However, if any of the above factors lean towards caution, it might be wise to consider participating in a broader investment strategy or maintaining a diversified portfolio instead.    Ultimately, this decision should be made with careful consideration and understanding of both the client's situation and the market conditions.","Investing in individual stocks like Google (Alphabet Inc., GOOGL) can be rewarding, but it also comes with risks. Here’s a step-by-step approach to consider before your client makes this investment decision:    ### 1. **Client Goals and Objectives**     - **Investor Objective**: Understand why the client wants to invest in GOOGL. Is it for growth, dividend income, or long-term wealth accumulation?     - **Investment Horizon**: How long does the client plan to hold this investment? If the investment horizon is long-term (10+ years), individual stocks might be more appropriate, but if the horizon is short-term, the risk increases.    ### 2. **Understand Risk Tolerance**     - **Risk Assessment**: Evaluate the client’s risk tolerance. At age 50, they may prefer a balanced approach that includes a mix of stocks and bonds. Are they comfortable with the potential volatility of individual stocks?     - **Diversification**: Investing 40% of net cash ($4,000) into one stock significantly reduces diversification. Is the client comfortable with this risk?    ### 3. **Research Google (GOOGL) Stock**     - **Performance History**: Review the past performance of GOOGL. Has it been consistent? Are there any recent market analyses pointing to potential growth?     - **Analyst Ratings**: Look at analyst ratings, price targets, and consensus opinions. Are the analysts optimistic about future growth?     - **Market Conditions**: Consider current market conditions and how they might affect a company like Google. Are there competitive pressures, regulatory issues, or market trends worth considering?    ### 4. **Consider the Financial Health of Google**     - **Fundamental Analysis**: Analyze GOOGL’s financial statements. Look at revenue growth, profit margins, cash flow, and debt levels.     - **Valuation**: Determine if GOOGL stock is fairly valued. Compare it to peers and consider metrics like P/E ratio and PEG ratio.    ### 5. **Investment Alternatives**     - **Diversified Investment Options**: Evaluate alternative investment options that would provide exposure to tech stocks, such as ETFs or mutual funds that include GOOGL as part of a broader portfolio.     - **Risk Distribution**: Investing in a diversified fund may help mitigate the risks associated with investing in a single stock.    ### 6. **Tax Implications**     - **Tax Considerations**: Evaluate potential taxes that could arise from capital gains if the investment is sold. Are there adverse tax impacts based on the client’s situation?       ### 7. **Make a Decision**     - **Investment Suitability**: Based on the insights gathered, would investing $4,000 in GOOGL align with the client’s risk tolerance, goals, and overall investment strategy?     - **Investment Plan**: If proceeding with the investment, discuss how the rest of the portfolio will be managed for balance (e.g., holding cash, bonds, or other stocks).    ### 8. **Monitoring and Rebalancing**     - **Ongoing Review**: Set a schedule to regularly review the investment and the overall portfolio. GOOGL's performance and market conditions should be regularly assessed to determine if it continues to be a suitable investment.    ### Conclusion  Investing 40% of net cash into GOOGL stock can be appealing due to its potential for growth, but it is essential to weigh the risks and benefits carefully. Given the client's situation, it might be wise to consider half the allocation or include other diversified investment options as well. This way, the client can maintain potential growth while reducing risk. Ultimately, the final decision should align with the client's goals, risk tolerance, and overall investment strategy.","To determine whether the client should invest 40% of his net cash into Google (GOOGL) stock, we can walk through a series of considerations:    ### Step 1: Assess the Investment Amount  - **Total Net Cash:** $10,000  - **Investment Amount in GOOGL:** 40% of $10,000 = $4,000    ### Step 2: Evaluate Risk Tolerance  - **Age Considerations:** At 50 years old, the client may have a shorter investment horizon than someone younger, which means he might prefer to avoid high-risk investments as retirement approaches.  - **Risk Tolerance:** It's important to determine how comfortable the client is with potential volatility in the stock market. If he has a low tolerance for risk and cannot afford to lose a significant portion of his investment, he may need to reconsider.    ### Step 3: Analyze Financial Goals  - **Investment Goals:** Understanding why the client wants to invest in GOOGL is crucial. Is he looking for growth, income, or diversification? Clarifying this can help decide whether GOOGL aligns with his objectives.  - **Short vs. Long-Term Needs:** If he has imminent financial needs (e.g., purchasing a home, funding education), the investment may not be suitable.    ### Step 4: Research GOOGL Stock  - **Stock Performance:** Examine Google's historical performance, including review of recent trends, earnings reports, and future projections. GOOGL has shown strong historical growth, but stock market performance can be volatile.  - **Market Conditions:** Review current market conditions and sentiment around technology stocks, as GOOGL is a major player in the tech industry. Economic factors can heavily impact stock prices.    ### Step 5: Diversification  - **Concentration Risk:** Investing 40% of net cash into a single stock can lead to concentration risk. Consider whether the client has other investments that provide diversification. A more balanced portfolio can mitigate risks associated with investing heavily in one asset.  - **Alternative Investment Options:** Consider whether there are other investment opportunities (e.g., index funds, ETFs, bonds) that could provide better risk-adjusted returns.    ### Step 6: Tax Implications  - **Capital Gains Tax:** If the client holds GOOGL for a period of time and then sells at a profit, he may be subject to capital gains tax. Understanding the tax implications is important for net returns on investment.      ### Step 7: Final Consideration  - **Emergencies and Liquidity:** It's vital for the client to keep a portion of his cash liquid for emergencies. Investing 40% could limit his access to cash if unexpected expenses arise.      ### Conclusion:  1. **Assess Tolerance and Goals:** If the client has a high-risk tolerance, a long-term investment horizon, and diversified assets, investing in GOOGL could make sense.  2. **Diversification Consideration:** If this investment would leave him overly exposed to a single stock, he might want to reduce the allocation or look for mixed investment strategies (e.g., 20% in GOOGL and 20% in diversified funds).  3. **Recommendation:** Based on the client's overall financial picture, risk tolerance, and investment goals, consider advising him to either:     - Proceed with caution and potentially lower his allocation.     - Wait and explore more diverse investment opportunities that align with his long-term vision.     Ultimately, encouraging a conversation about risks and further clarifying goals can lead to a more informed decision.","**no.**

the client should not invest 40% of their net cash into google (googl) stock. the primary reason for this recommendation is the high concentration risk associated with putting a substantial portion of their investment capital into a single stock, especially given the client’s age and the potential volatility of tech stocks. 

investing in a diverse range of assets is typically more prudent, particularly for someone approaching retirement. it would be more advisable for the client to either lower the percentage allocated to googl or consider investing in a diversified index fund or etf that includes a range of technology companies, thereby spreading out risk while still gaining exposure to the tech sector.","**no.**

while google (googl) is a strong company with growth potential, investing 40% of the client’s net cash ($4,000) into a single stock poses significant risk, particularly in terms of lack of diversification. at age 50, the client should prioritize a balanced investment strategy that includes a mix of asset classes to manage risk effectively. a more diversified approach, such as investing in etfs or mutual funds that include googl as part of a broader portfolio, would be advisable to better align with the client's risk tolerance and financial goals.","**no.**

the client should not proceed with the investment of 40% of his net cash into google (googl) stock due to the high concentration risk associated with investing a significant portion of his total assets into a single stock. given his age (50 years old), he likely has a shorter investment horizon and may prioritize preserving capital and minimizing risk as he approaches retirement. additionally, without a diversified portfolio, he risks potential volatility and significant financial loss if googl's stock price does not perform as expected. it would be prudent for the client to either reduce the investment amount in googl or seek a more diversified investment strategy."
50,10000,50,stock,google,male,"To determine whether the client should invest 50% of his cash into Google (GOOGL) stock, we should follow a step-by-step analysis that considers both the investment strategy and the client's individual circumstances.    ### Step 1: Determine the Investment Amount    The client has a net cash of $10,000 and wants to invest 50% of it into Google stock.  - **Investment Amount**: $10,000 * 50% = $5,000    ### Step 2: Evaluate Google’s Stock (GOOGL)    - **Performance**: Analyze GOOGL's historical performance, recent earnings reports, and market trends prior to October 2023.  - **Fundamentals**: Look at key financial indicators such as revenue growth, earnings per share (EPS), price-to-earnings (P/E) ratio, and any recent news affecting the company.  - **Market Conditions**: Consider broader economic conditions, interest rates, and outlook for the tech sector.    ### Step 3: Assess Investment Risks    - **Volatility**: GOOGL is a tech stock and can experience high volatility. Understand how comfortable the client is with the potential for short-term losses.  - **Diversification**: Investing 50% of his cash in a single stock may expose the client to significant risk. How diversified is the client’s overall portfolio? Ideally, investments should be spread out across various sectors.  - **Investment Horizon**: Given the client's age (50), consider their investment time horizon. Is he looking at this as a short-term investment or a long-term growth strategy?    ### Step 4: Client’s Financial Situation and Goals    - **Liquidity Needs**: Does the client need access to this cash for short-term expenses? Investing in stocks carries the risk of loss, and selling during a downturn could result in a loss.  - **Risk Tolerance**: Assess the client’s risk tolerance. Is he comfortable with the potential of losing part of the investment?  - **Retirement Goals**: At age 50, the client should think about his retirement goals and whether investing aggressively aligns with those plans.    ### Step 5: Investment Strategy    - **Dollar-Cost Averaging**: Instead of investing the full $5,000 at once, consider dollar-cost averaging into GOOGL to mitigate risk and take advantage of price fluctuations.  - **Alternative Investments**: If GOOGL seems risky, explore other investment options such as ETFs or mutual funds that provide exposure to tech stocks or other sectors.  - **Rebalance Portfolio**: If the client decides to proceed with this investment, it may be wise to reassess the portfolio periodically and rebalance as necessary.    ### Conclusion    After evaluating all these factors, the final decision about whether the client should invest in GOOGL depends on:    - His confidence in GOOGL's future performance.  - Comfort with the associated risks.  - Overall investment strategy and long-term goals.    If GOOGL appears to have strong fundamentals and aligns with his risk tolerance and investment goals, investing 50% of his cash could be a reasonable decision. However, if risks seem too high or he requires liquidity, it may be wise to reconsider this investment approach.","When advising a client on investing in a single stock, such as Google (Alphabet Inc.), it's essential to consider several key factors. Let's analyze the situation step by step.    ### Step 1: Assess the Client's Financial Situation  - **Net Cash:** The client has $10,000. Therefore, investing 50% means he will invest $5,000 into Google stock.  - **Risk Tolerance:** At 50 years old, the client may have a moderate risk tolerance, but it's crucial to understand his specific comfort with volatility and loss.  - **Investment Goals:** Clarify why the client wants to invest in Google. Is it for growth, income, or speculation?  - **Time Horizon:** At age 50, determine how long the client plans to hold this investment before needing the funds. A longer time horizon could justify higher risk.    ### Step 2: Evaluate the Investment  - **Company Fundamentals:** Assess Google's financial health. Look at factors like earnings growth, revenue, profit margins, and cash flow.  - **Market Position:** Google is a leading player in the digital advertising space and has diversified interests in cloud computing, YouTube, and other tech ventures. Consider these aspects and their potential for growth.  - **Valuation:** Review Google's current stock price relative to its earnings (P/E ratio), historical performance, and analyst projections. Ensure it aligns with the client's expectations.  - **Recent Performance and News:** Check for recent news affecting Google's stock, such as regulatory issues or changes in management.    ### Step 3: Diversification Strategy  - **Concentration Risk:** Investing 50% of cash into one company increases risk. If Google underperforms, it could significantly affect the client's financial situation.  - **Diversification Advice:** Recommend that the client consider diversifying the remaining $5,000 into other sectors, asset classes (stocks, bonds, ETFs), or investment vehicles to mitigate risks.    ### Step 4: Market Environment Analysis  - **Current Market Conditions:** Consider the overall economic environment, including interest rates, inflation, and broader stock market trends. Are tech stocks in favor or facing challenges?  - **Volatility:** Analyze how Google’s stock has reacted during market fluctuations. Determine if the client is willing to tolerate potential ups and downs.    ### Step 5: Execution Plan  - **Buy Recommendations:** If the client opts to proceed, discuss how to buy the shares (direct purchase, brokerage account), any fees involved, and the timing of the purchase.  - **Ongoing Monitoring:** Emphasize the need for regular reviews of the investment performance and the overall portfolio.    ### Step 6: Final Thoughts  - **Consideration:** If the client is well-informed, understands the risks, and has a diversified strategy for his remainder of cash, investing $5,000 in Google can be a reasonable decision.  - **Alternative Suggestions:** Suggest putting a portion into an S&P 500 index fund or a technology-focused ETF to gain exposure to the tech sector along with Google.    ### Conclusion  In summary, investing in Google stock can be a viable option if the client understands the risks involved and has a plan to diversify his remaining assets. Emphasizing education, monitoring, and the importance of diversification will safeguard his investment strategy over time.","To determine whether the client should invest 50% of his net cash into Google (GOOGL) stock, we should take a step-by-step approach:    ### Step 1: Assess the Client's Financial Situation  - **Net Cash**: The client has $10,000. Investing 50% means he would allocate $5,000 to Google stock.  - **Liquidity Needs**: Establish whether the client has any immediate liquidity needs. If he needs this cash for emergencies or upcoming expenditures, investing it in a volatile stock may not be wise.    ### Step 2: Evaluate Risk Tolerance  - **Age and Investment Horizon**: At 50 years old, the client may have a shorter investment horizon if he plans to retire soon. Understanding his risk tolerance is crucial — can he withstand potential volatility in the short term?  - **Experience with Stocks**: Does the client have experience with stock investments? A first-time investor might prefer a more stable investment rather than individual stocks.    ### Step 3: Analyze Google's Financial Health  - **Company Performance**: Review recent financial performance, including revenue growth, profitability, and market position. Is Google showing strong fundamentals?  - **Market Conditions**: Consider the overall stock market conditions and technology sector trends. Are there indicators of growth or potential disruptions?    ### Step 4: Diversification  - **Investment Diversification**: Investing $5,000 in a single stock can be risky. It's ideal to have a diversified portfolio to mitigate risks. Encourage the client to consider whether he has other investments or if this will constitute a large percentage of his total investment portfolio.    ### Step 5: Potential Alternatives  - **Investment Alternatives**: Discuss the possibility of exchange-traded funds (ETFs) or mutual funds that include Google as part of a broader technology or growth sector fund, which could provide diversification while still allowing exposure to GOOGL.  - **Bond Options**: Given the age and risk considerations, also explore conservative options like bonds or bond funds for stability.    ### Step 6: Long-Term Goals  - **Investment Objectives**: Understand the client’s long-term financial goals. Is he investing for retirement, a major purchase, or another goal? Align his investment decisions with these goals.    ### Step 7: Decision-Making  - After gathering all the above information, evaluate whether investing in GOOGL is in line with the client's risk tolerance, financial situation, and investment goals. If the client can afford to take the risk and has no liquidity issues, investing $5,000 could be considered if well-informed about the stock.    ### Final Recommendation  - If the client has a high-risk tolerance, is informed about the potential volatility of stocks, and doesn't need immediate access to that $5,000, he might proceed with the investment.   - If there are concerns about liquidity needs, risk tolerance, or if significant investment experience is lacking, consider a more diversified investment strategy that aligns better with his overall financial goals.    In conclusion, recommend a course of action (whether to invest or not) based on collective insights gathered through this analysis.","**no**, the client should not invest 50% of his net cash into google (googl) stock.

**reason**: investing such a significant portion of his cash in a single stock exposes the client to substantial risk, especially given the volatility associated with tech stocks. at 50 years old, he should prioritize portfolio diversification and consider his liquidity needs. it's generally advised to have a more balanced and diversified investment approach, particularly as he approaches retirement age, rather than concentrating a large percentage in one individual stock. a safer strategy, such as diversifying across multiple investments or using dollar-cost averaging, would be more prudent.","**no.**

while google's stock may present a solid investment opportunity, allocating 50% of his cash into a single stock significantly increases risk and exposure to volatility. instead, a more balanced approach that includes diversification across different assets would be advisable. this strategy would help mitigate risks associated with investing in one company and provide a more stable foundation for his overall financial health. it's essential for the client to have a diversified portfolio, especially at the age of 50, to align with retirement planning and financial stability.","**answer: no.**

**reason:** given the client's age of 50 and the fact that he is considering investing 50% of his net cash ($5,000) into a single stock (google), this poses a significant risk, especially if he has limited experience with stock investments. investing such a large percentage of his liquid assets into one stock does not align with prudent risk management principles, particularly given the potential for volatility in the stock market. additionally, without knowing whether he has other investments or immediate liquidity needs, it would be more advisable for him to consider diversifying his investment to mitigate risk and better align with his long-term financial goals."
